Source,Target
P25788,P13498
P25788,P28070
P25788,P33992
P25788,P35998
P25788,P55036
P25788,Q15020
P25788,Q8TAA3
P25788,Q96ME1
P50222,Q13526
P50222,Q14103
P50222,Q8WWY3
P50222,Q8WYA6
P50222,Q969G3
P50222,Q9BWG6
P50222,Q9P0U4
P50222,Q9Y333
Q14498,O00422
Q14498,O00571
Q14498,O43395
Q14498,O43660
Q14498,O75400
Q14498,O75533
Q14498,O75934
Q14498,P26368
Q14498,P49756
Q14498,P49760
Q14498,P55795
Q14498,Q05519
Q14498,Q13427
Q14498,Q13838
Q14498,Q15287
Q14498,Q15427
Q14498,Q2TAY7
Q14498,Q66PJ3
Q14498,Q86U06
Q14498,Q8IWX8
Q14498,Q8N5F7
Q14498,Q8NAV1
Q14498,Q8TF01
Q14498,Q96GM8
Q14498,Q96N46
Q14498,Q96PK6
Q14498,Q99459
Q14498,Q9UHR5
Q14498,Q9UMS4
Q96C19,P28289
P55036,P17028
P55036,P25398
P55036,P28070
P55036,P33992
P55036,P35998
P55036,Q15084
P55036,Q8IX12
Q01844,P35637
Q01844,Q15233
Q01844,Q15427
Q01844,Q16630
Q01844,Q8IWX8
Q01844,Q8N684
Q01844,Q8TEQ6
Q01844,Q99873
Q01844,Q9BUJ2
Q01844,Q9NYV4
Q01844,Q9UHR5
Q6P2Q9,E9PAV3
Q6P2Q9,O00571
Q6P2Q9,O43143
Q6P2Q9,O43172
Q6P2Q9,O43290
Q6P2Q9,O43395
Q6P2Q9,O43660
Q6P2Q9,O60306
Q6P2Q9,O75533
Q6P2Q9,O75934
Q6P2Q9,O94906
Q6P2Q9,P09661
Q6P2Q9,P55795
Q6P2Q9,P62318
Q6P2Q9,Q01081
Q6P2Q9,Q13435
Q6P2Q9,Q13523
Q6P2Q9,Q13573
Q6P2Q9,Q15020
Q6P2Q9,Q15029
Q6P2Q9,Q15287
Q6P2Q9,Q15393
Q6P2Q9,Q15427
Q6P2Q9,Q15428
Q6P2Q9,Q15459
Q6P2Q9,Q2TAY7
Q6P2Q9,Q8IYB3
Q6P2Q9,Q8WWY3
Q6P2Q9,Q96DI7
Q6P2Q9,Q99459
Q6P2Q9,Q9BUQ8
Q6P2Q9,Q9BZJ0
Q6P2Q9,Q9ULR0
Q6P2Q9,Q9UMS4
Q6P2Q9,Q9UN86
Q6P2Q9,Q9UQ35
Q6P2Q9,Q9Y383
P09493,O43707
P09493,O75533
P09493,P06753
P09493,Q13435
P09493,Q15942
P09493,Q16543
P09493,Q16643
P09493,Q8NI27
P09493,Q96T37
Q13813,O15020
Q13813,P35579
Q13813,P61978
Q13813,Q01082
Q13813,Q15393
Q13813,Q16643
Q86X55,O43809
Q86X55,P17676
Q86X55,P51532
Q86X55,P60709
Q86X55,P61978
Q86X55,Q04206
Q86X55,Q86U42
Q86X55,Q969G3
Q86X55,Q96PU8
P28070,P22626
P28070,P26368
P28070,P35998
P28070,P67809
P28070,Q8TAA3
P28070,Q9UMS4
Q92569,P10721
Q92569,P42684
Q92569,Q06587
Q92569,Q66PJ3
Q92569,Q9Y383
P61964,O15047
P61964,Q15291
P61964,Q8NC51
P61964,Q9UPS6
P49756,O43290
P49756,O43395
P49756,O75400
P49756,P21127
P49756,P43246
P49756,Q01081
P49756,Q05519
P49756,Q7RTV0
P49756,Q86U06
P49756,Q8IYB3
P49756,Q8WWY3
P49756,Q96PK6
P49756,Q9UHX1
P49756,Q9UMS4
P49756,Q9UQ35
Q5T4S7,O75369
Q5T4S7,O75400
Q5T4S7,Q15020
Q5T4S7,Q15029
Q5T4S7,Q7L014
P25205,P06753
P25205,P15927
P25205,P33992
P25205,P52597
P25205,P55795
P25205,Q14566
P25205,Q99459
P33992,O75533
P33992,O75934
P33992,P15927
P33992,Q01081
P33992,Q01082
P33992,Q12874
P33992,Q14566
P33992,Q15459
P33992,Q99459
P33992,Q9BZZ5
Q15233,O75152
Q15233,P02545
Q15233,P23246
Q15233,P26368
Q15233,P35637
Q15233,Q13526
Q15233,Q16630
Q15233,Q5JVS0
Q15233,Q8WXF1
Q99459,O00422
Q99459,O43143
Q99459,O43395
Q99459,O43660
Q99459,O60239
Q99459,O75533
Q99459,O75934
Q99459,P09661
Q99459,P23246
Q99459,P26368
Q99459,P27348
Q99459,P38159
Q99459,P38919
Q99459,P62318
Q99459,Q01081
Q99459,Q01082
Q99459,Q07955
Q99459,Q12972
Q99459,Q13435
Q99459,Q13573
Q99459,Q15029
Q99459,Q15393
Q99459,Q15427
Q99459,Q15459
Q99459,Q8IYB3
Q99459,Q8WYA6
Q99459,Q9BZJ0
Q99459,Q9ULR0
Q99459,Q9UMS4
Q99459,Q9UQ35
O43809,O75533
O43809,Q13595
O43809,Q16630
O43809,Q16643
O43809,Q8N684
Q13526,O75821
Q13526,P06576
Q13526,P10636
Q13526,P22392
Q13526,P24928
Q13526,Q14103
Q13526,Q4VCS5
Q13526,Q8N5C8
Q13526,Q96EP5
Q13526,Q9NY61
Q9UJ70,O94903
Q9UJ70,Q15393
P51532,P09429
P51532,P24928
P51532,Q09028
P51532,Q86U42
P51532,Q8NFD5
P51532,Q969G3
P51532,Q9NZZ3
P51531,Q09028
P51531,Q969G3
P98170,O43447
P98170,Q04726
P98170,Q15750
P98170,Q9UHD2
Q9BUJ2,O43670
Q9BUJ2,O75400
Q9BUJ2,P27695
Q9BUJ2,P31942
Q9BUJ2,P31943
Q9BUJ2,P38159
Q9BUJ2,P52597
Q9BUJ2,P55795
Q9BUJ2,Q13151
Q9BUJ2,Q13242
Q9BUJ2,Q15427
Q9BUJ2,Q16643
Q9BUJ2,Q99873
Q9BUJ2,Q9BQ04
Q9UBB9,O43143
Q9UBB9,O43172
Q9UBB9,O43290
Q9UBB9,O43395
Q9UBB9,O60306
Q9UBB9,P62310
Q9UBB9,Q13573
Q9UBB9,Q8WWY3
Q9UBB9,Q969G3
Q9UBB9,Q96CJ1
Q9UBB9,Q9BWG6
Q9UBB9,Q9UHR5
Q9UBB9,Q9UK58
Q9Y6A5,O14965
Q8N163,P09651
Q8N163,P24928
Q8N163,Q15084
Q8N163,Q15393
Q8N163,Q8WUA2
Q8N163,Q9H4Z2
Q9NRA8,P52597
P23381,P28289
P23381,Q12792
P19544,P26368
P19544,Q15007
O43707,P06753
O43707,P09972
O43707,Q09666
O43707,Q12874
P06753,Q06830
P06753,Q15428
P06753,Q68D86
P06753,Q8N4P3
P09972,Q99714
Q9UHD2,O00571
Q9UHD2,P04406
Q9UHD2,Q04206
P35998,P67809
P35998,Q8TAA3
O94906,O00422
O94906,O43172
O94906,O43290
O94906,O43395
O94906,P09661
O94906,P26368
O94906,P38919
O94906,P62318
O94906,Q01081
O94906,Q12874
O94906,Q15029
O94906,Q15393
O94906,Q15459
O94906,Q16629
O94906,Q8WWY3
O94906,Q96PK6
O94906,Q9BUQ8
O94906,Q9UKV3
O94906,Q9UMS4
O94906,Q9UQ35
O94906,Q9Y2W1
O94906,Q9Y383
Q12972,O75533
Q12972,Q52LJ0
Q12972,Q8WYA6
Q12972,Q9BQA1
P52815,P98179
P52815,Q14103
P27348,P10636
P27348,P12270
P27348,P13639
P27348,P23588
P27348,P38919
P27348,P62158
P27348,Q9BQA1
P27695,P23246
P27695,P61978
Q09161,P52298
Q09161,Q9P2N5
O43318,Q15750
O43318,Q5SGD2
O43318,Q99558
O43318,Q9NYJ8
O43390,Q15750
O43390,Q99873
P10644,O75400
P10644,P10636
P10644,Q01082
P10644,Q15750
P10644,Q8WWY3
P23528,P60709
P23528,P63261
P23528,Q15418
P23528,Q15750
P23528,Q99417
Q15007,Q15750
Q15007,Q69YN4
Q15007,Q75N03
Q16643,Q01082
Q16643,Q15750
Q16643,Q9UPT8
Q9NYJ8,P08670
Q9NYJ8,Q05516
Q9NYJ8,Q15750
P08670,P15924
P08670,P16284
P08670,P60709
P08670,P98161
P08670,Q5JVS0
P08670,Q8NC51
P08670,Q9BXP5
P08670,Q9H9J2
P08670,Q9UHX1
P08670,Q9UKY1
P08670,Q9Y6Y0
Q15427,O75152
Q15427,O75177
Q15427,O75533
Q15427,O75934
Q15427,P09661
Q15427,P31943
Q15427,P38159
Q15427,P52597
Q15427,P98175
Q15427,Q12874
Q15427,Q13247
Q15427,Q13435
Q15427,Q14103
Q15427,Q15029
Q15427,Q15393
Q15427,Q15428
Q15427,Q15459
Q15427,Q7RTV0
Q15427,Q86V81
Q15427,Q86XP3
Q15427,Q8IWX8
Q15427,Q9BQA1
Q15427,Q9UQ35
O75925,O75400
O75925,P63165
O75925,Q04206
O75925,Q8NC51
O75925,Q92585
O75925,Q99873
Q9Y6X2,O75400
Q9Y6X2,P63165
Q9Y6X2,Q04206
Q9Y6X2,Q5JVS0
Q9Y6X2,Q8NC51
Q9Y4Y9,P62310
Q9Y4Y9,Q14103
Q9Y4Y9,Q9Y333
P60709,O00571
P60709,P04406
P60709,P09651
P60709,P15927
P60709,P22626
P60709,P24534
P60709,P25398
P60709,P25705
P60709,P31943
P60709,P35244
P60709,P54105
P60709,P62241
P60709,P63261
P60709,P67809
P60709,Q00839
P60709,Q14103
Q13838,P26368
Q13838,P82979
Q13838,Q09028
Q13838,Q86V81
Q13838,Q8NI27
Q13838,Q96A72
Q13838,Q9UKY1
Q13838,Q9Y3Y2
Q13838,Q9Y5S9
Q16543,P32119
Q16543,Q14004
Q16543,Q99558
Q16543,Q99873
Q16543,Q9Y383
P61978,O14965
P61978,O43143
P61978,O60506
P61978,O75533
P61978,P09651
P61978,P26368
P61978,P29692
P61978,P38159
P61978,P43243
P61978,P52597
P61978,P67809
P61978,P98175
P61978,P98179
P61978,Q13151
P61978,Q14011
P61978,Q14103
P61978,Q8IX12
P61978,Q8WWY3
P61978,Q8WYA6
P61978,Q96ME1
P61978,Q96PU8
P61978,Q99873
P61978,Q9BXP5
P61978,Q9Y580
P61978,Q96MU7
P61978,Q15020
P61978,Q13148
P61978,Q15029
P61978,Q15459
P61978,P84103
P61978,Q9C0C2
P61978,Q01081
P61978,Q05519
P61978,Q15393
P61978,Q9UQ35
Q9Y580,P38159
Q9Y580,P84103
Q9Y580,Q13435
Q9Y580,Q8IWX8
Q15942,O43143
Q15942,Q9UHX1
Q15942,Q9UKY1
P15927,P04406
P15927,P35244
P15927,P52597
P15927,Q13885
P15927,Q9UKK9
P15927,Q9UMS4
Q15029,O43172
Q15029,O43290
Q15029,O75533
Q15029,O75934
Q15029,P09661
Q15029,P12270
Q15029,P23246
Q15029,P62318
Q15029,Q13523
Q15029,Q13573
Q15029,Q15287
Q15029,Q15393
Q15029,Q69YN4
Q15029,Q8WWY3
Q15029,Q96DI7
Q15029,Q9BUQ8
Q15029,Q9BZJ0
Q15029,Q9HCS7
Q15029,Q9UMS4
Q9UHX1,O75400
Q9UHX1,O75533
Q9UHX1,P26368
Q9UHX1,P52597
Q9UHX1,Q05519
Q9UHX1,Q12874
Q9UHX1,Q16630
Q9UHX1,Q9H0B3
Q9UHX1,Q9UHR5
Q9UHX1,Q9UQ35
Q9UHX1,Q9Y2W1
Q09028,P02545
Q09028,Q13247
Q09028,Q16576
Q09028,Q86YP4
Q09028,Q9NQR1
Q86U42,P09651
Q86U42,Q13573
Q8NFD5,Q969G3
Q969G3,P09429
Q969G3,Q15291
Q06587,O00257
O75400,O00422
O75400,O14776
O75400,O15042
O75400,O43290
O75400,P08621
O75400,P16284
O75400,P18583
O75400,P38919
O75400,Q01081
O75400,Q13427
O75400,Q13435
O75400,Q14004
O75400,Q15287
O75400,Q15459
O75400,Q4G0J3
O75400,Q8IWX8
O75400,Q8N5F7
O75400,Q9NYV4
O75400,Q9UKY1
O75400,Q9ULX6
O75400,Q9UQ35
Q9UPT8,O75369
P29692,P02545
P29692,P12270
P29692,P24534
P29692,P46821
P29692,P62158
P29692,Q04206
P29692,Q09666
P29692,Q12874
P29692,Q7L014
P29692,Q8IX12
P29692,Q9BXP5
P29692,Q9H1I8
Q9H0B3,P62158
Q9H0B3,Q96I25
P63165,Q05516
P63165,Q8N4C6
P63165,Q96GM8
P63165,Q9UKY1
P30305,Q04917
Q04206,P08621
Q04206,P17676
Q04206,P62318
Q04206,Q04917
Q04206,Q8N3C0
Q04206,Q8N9N2
Q04206,Q9H1I8
Q9NRM7,O14965
Q9NRM7,P02545
Q9NRM7,Q13627
Q9NRM7,Q4VCS5
Q15393,O14776
Q15393,O43143
Q15393,O43172
Q15393,O43290
Q15393,O43395
Q15393,O43660
Q15393,O75533
Q15393,O75934
Q15393,P02545
Q15393,P09661
Q15393,P23246
Q15393,P26368
Q15393,P38159
Q15393,P62318
Q15393,P67809
Q15393,P78332
Q15393,Q01081
Q15393,Q12874
Q15393,Q13435
Q15393,Q15428
Q15393,Q15459
Q15393,Q16629
Q15393,Q2TAY7
Q15393,Q7RTV0
Q15393,Q8IX12
Q15393,Q8WWY3
Q15393,Q96GM8
Q15393,Q9BXP5
Q15393,Q9HCS7
Q15393,Q9NQ29
Q15393,Q9ULR0
Q15393,Q9UMS4
Q15393,Q9UQ35
Q15393,Q9Y2W1
Q15393,Q9Y383
P02545,P42166
Q14566,O75533
Q14566,Q15459
Q14566,Q9BWG6
Q13573,O43143
Q13573,O43172
Q13573,O43290
Q13573,O43660
Q13573,P09661
Q13573,P55081
Q13573,Q6UX04
Q13573,Q8WYA6
Q13573,Q96N46
Q13573,Q9BZJ0
Q13573,Q9H1I8
Q13573,Q9HCS7
Q13573,Q9NYF8
Q13573,Q9UMS4
Q5JVS0,O60506
Q5JVS0,P67809
Q5JVS0,Q01130
Q5JVS0,Q07021
Q5JVS0,Q13242
Q5JVS0,Q14011
Q5JVS0,Q99873
Q5JVS0,Q9NZZ3
P47756,P52907
P47756,Q9NYL9
O14776,O43175
O14776,O75494
O14776,P09661
O14776,P23246
O14776,P24928
O14776,Q05519
O14776,Q16630
O14776,Q86XP3
O14776,Q9NQ29
O75821,Q13409
P25398,P61353
P25398,P62241
P25398,P62888
P25398,Q14103
Q13409,P35611
Q13409,P67809
Q13409,Q13151
Q13409,Q8IX12
Q13409,Q8NC51
Q13409,Q9H307
P25490,P17028
P25490,Q14966
P25490,Q9Y230
P62888,P61353
P62888,P62241
Q8N2I9,O75688
Q9H0G5,Q8WYA6
P09429,P17028
P09429,P48729
P27816,O75369
P27816,P05198
P27816,P24928
P27816,P52597
P27816,P62310
P27816,Q8NC51
Q92945,P23588
Q92945,Q14011
Q92945,Q14103
Q92945,Q16630
Q92945,Q8N684
O43395,O43172
O43395,O43290
O43395,O43447
O43395,O43660
O43395,O75533
O43395,O75934
O43395,P09661
O43395,P26368
O43395,P38919
O43395,P55081
O43395,P62318
O43395,Q12874
O43395,Q13435
O43395,Q14004
O43395,Q15020
O43395,Q15428
O43395,Q15459
O43395,Q16629
O43395,Q5T8P6
O43395,Q8IYB3
O43395,Q8N5F7
O43395,Q8WWY3
O43395,Q8WYA6
O43395,Q9BUQ8
O43395,Q9HCS7
O43395,Q9UMS4
O43395,Q9UQ35
O43395,Q9Y2W1
Q05516,P09874
Q05516,P17028
Q05516,Q8TC92
Q05516,Q9Y333
P22392,P15531
Q99714,P07237
Q99714,P13639
Q99714,P15311
Q99714,P22626
Q99714,P40939
Q99714,Q13148
Q99714,Q99729
P35637,O14965
P35637,O75494
P35637,P23246
P35637,P38159
P35637,P67809
P35637,Q01130
P35637,Q13242
P35637,Q14103
P35637,Q92804
P35637,Q99873
P35637,Q9UHR5
Q8WWM7,P40939
E9PAV3,Q9UKY1
Q9UKY1,P55199
Q9UKY1,Q13148
P04406,O60506
P04406,Q06830
Q99873,O60506
Q99873,P09651
Q99873,Q00839
Q99873,Q14011
Q99873,Q14157
Q99873,Q14444
Q99873,Q92804
Q99873,Q96T37
Q99873,Q9NY12
Q99873,Q9Y3Y2
O00571,P05198
O00571,P12270
O00571,P23588
O00571,P26368
O00571,P67809
O00571,Q13242
P27448,O75688
Q05519,O00422
Q05519,O43143
Q05519,O43175
Q05519,O43290
Q05519,P12270
Q05519,P26368
Q05519,P43246
Q05519,P84103
Q05519,Q01130
Q05519,Q07955
Q05519,Q13242
Q05519,Q13435
Q05519,Q15287
Q05519,Q16629
Q05519,Q2TAY7
Q05519,Q66PJ3
Q05519,Q7L014
Q05519,Q8TF01
Q05519,Q96PK6
Q05519,Q9UMS4
Q05519,Q9UQ35
Q05519,Q9Y2W1
Q05519,Q9Y383
P10636,P07237
P10636,P48729
P10636,Q15418
P10636,Q9NY61
P23588,P35579
P23588,Q15418
P23588,Q9BWU0
P82979,O75152
P82979,Q9UQ35
Q9BZZ5,Q9UKV3
O00422,O43175
O00422,O43290
O00422,O75494
O00422,P12270
O00422,P26368
O00422,P38919
O00422,P84103
O00422,Q01081
O00422,Q15287
O00422,Q16629
O00422,Q2TAY7
O00422,Q96PK6
O00422,Q9BXP5
O00422,Q9UKV3
O00422,Q9Y2W1
P35580,P35579
Q99729,P22626
Q99729,P31943
Q99729,P67809
Q99729,Q09666
Q99729,Q13151
Q99729,Q14103
P50395,P15311
O75533,O43143
O75533,O43172
O75533,O43290
O75533,O43660
O75533,P09661
O75533,P23246
O75533,P26368
O75533,P38159
O75533,P52907
O75533,P62318
O75533,P62995
O75533,P68363
O75533,Q01081
O75533,Q12874
O75533,Q13148
O75533,Q13435
O75533,Q14157
O75533,Q15428
O75533,Q15459
O75533,Q7RTV0
O75533,Q8WWY3
O75533,Q96I25
O75533,Q96PK6
O75533,Q9UMS4
O75533,Q9UQ35
Q13595,O15042
Q13595,O43143
Q13595,O75494
Q13595,Q96MU7
Q07021,P16989
Q07021,P67809
Q07021,Q13242
Q07021,Q14004
Q07021,Q14103
Q07021,Q15084
Q16630,P26368
Q16630,P48729
Q16630,Q14157
Q16630,Q8N684
P62241,P09651
P62241,P61353
Q13885,P68363
Q13885,P68371
Q9UNS2,Q12874
O75369,Q09666
O75369,Q13148
O75369,Q13151
Q13151,O75934
Q13151,P13639
Q13151,P26368
Q13151,P31942
Q13151,P31943
Q13151,P38159
Q13151,P38919
Q13151,P52597
Q13151,P55795
Q13151,P84103
Q13151,Q07955
Q13151,Q14011
Q13151,Q14103
Q13151,Q96PK6
P07237,P15311
P07237,P54105
P07237,Q13162
P07237,Q14103
P07237,Q15084
P09651,O43175
P09651,O94903
P09651,P22626
P09651,P23246
P09651,P31942
P09651,P31943
P09651,P52597
P09651,P55795
P09651,P62995
P09651,P98179
P09651,Q14103
P09651,Q7RTV0
P09651,Q8N684
P09651,Q8NC51
P09651,Q9UQ35
P31943,P13639
P31943,P22626
P31943,P26368
P31943,P31942
P31943,P38159
P31943,P40939
P31943,P52597
P31943,P55795
P31943,Q09666
P31943,Q32P51
P31943,Q96PK6
P31943,Q9UQ35
P52597,O43143
P52597,P22626
P52597,P26368
P52597,P31942
P52597,P38159
P52597,Q12792
P52597,Q14103
P52597,Q16629
P52597,Q32P51
P52597,Q96GM8
Q9NYL9,O43143
Q9NYL9,Q9Y230
Q96EP5,Q06830
Q96EP5,Q9NTZ6
P35579,Q9H1I8
Q15291,O15047
Q15291,Q9BXP5
P84103,O43143
P84103,P22626
P84103,P23246
P84103,P26368
P84103,P38919
P84103,P62995
P84103,Q01130
P84103,Q13242
P84103,Q13247
P84103,Q16629
P84103,Q2TAY7
P84103,Q8NAV1
P24928,Q13427
P24928,Q9BXP5
P24928,Q9GZU7
P24928,Q9HCS7
P24928,Q9NQG5
P24928,Q9UNH5
P24928,Q9Y230
P24928,Q9Y6Y0
P43246,O00757
P43246,O43143
P43246,O43290
P43246,O75494
P43246,Q14103
P43246,Q16629
Q9UHR5,P26368
Q9UHR5,Q92804
Q9UHR5,Q96I25
Q9UHR5,Q9BQA1
Q13185,O14965
Q13185,P10412
Q13185,Q8IWI9
Q13185,Q9C0C2
Q13162,P30048
Q13162,P32119
Q13162,Q06830
Q13162,Q12851
Q13162,Q15084
Q9H1I8,Q8N3C0
P63261,Q9Y230
Q14966,P17028
Q14966,Q12874
P15311,O14965
Q9NY93,P61353
Q9NY93,Q01081
Q9NY93,Q9NY61
P13639,O14965
P13639,Q09666
P13639,Q14103
P13639,Q15418
P13639,Q9C0B1
Q15418,P67809
Q15418,Q9BY77
O43175,O75494
O43175,O94903
O43175,P26368
O43175,Q01081
O43175,Q2TAY7
O43175,Q9Y2W1
O43290,O43172
O43290,P09661
O43290,P12270
O43290,P23246
O43290,P26368
O43290,P38919
O43290,P55081
O43290,P62318
O43290,Q01081
O43290,Q08170
O43290,Q12874
O43290,Q15428
O43290,Q15459
O43290,Q16629
O43290,Q8IWX8
O43290,Q8WWY3
O43290,Q9BUQ8
O43290,Q9BZJ0
O43290,Q9UMS4
O43290,Q9UQ35
O43290,Q9Y2W1
O75494,O43143
O75494,O75934
O75494,P08621
O75494,P38919
O75494,P62995
O75494,Q07955
O75494,Q08170
O75494,Q13247
O75494,Q2TAY7
O75494,Q96PK6
P12270,P09661
P12270,P22626
P12270,P23246
P12270,P24534
P12270,P26368
P12270,Q14011
P12270,Q15020
P12270,Q92804
P12270,Q9Y6R4
P26368,P09661
P26368,P23246
P26368,P98175
P26368,Q01081
P26368,Q07955
P26368,Q13148
P26368,Q13242
P26368,Q14103
P26368,Q15287
P26368,Q16629
P26368,Q8IWX8
P26368,Q8IX12
P26368,Q8N684
P26368,Q8WXF1
P26368,Q96PU8
P26368,Q9Y383
P38919,O15234
P38919,P38159
P38919,Q07955
P38919,Q15287
P38919,Q9BY77
P38919,Q9HCG8
P38919,Q9UQ35
P38919,Q9Y5S9
Q01081,O43172
Q01081,O75934
Q01081,P09661
Q01081,P23246
Q01081,P49760
Q01081,P55081
Q01081,P68363
Q01081,P98175
Q01081,Q01130
Q01081,Q07955
Q01081,Q13435
Q01081,Q15287
Q01081,Q15459
Q01081,Q16629
Q01081,Q8IWX8
Q01081,Q8N5F7
Q01081,Q8NAV1
Q01081,Q96GM8
Q01081,Q9UMS4
Q01081,Q9UQ35
Q01081,Q9Y383
Q15287,P49760
Q15287,P61011
Q15287,P62995
Q15287,Q07955
Q15287,Q08170
Q15287,Q13247
Q15287,Q15020
Q15287,Q2TAY7
Q15287,Q8IWX8
Q15287,Q8NAV1
Q15287,Q96PK6
Q15287,Q9H307
Q15287,Q9UKV3
Q15287,Q9UMS4
Q15287,Q9UQ35
Q15287,Q9Y2W1
Q15287,Q9Y383
Q15287,Q9Y5S9
Q16629,O43143
Q16629,O75319
Q16629,P09661
Q16629,P23246
Q16629,P62995
Q16629,Q13242
Q16629,Q13247
Q16629,Q15459
Q16629,Q9Y383
Q2TAY7,P55081
Q2TAY7,P67809
Q2TAY7,Q9UKV3
Q96PK6,O43660
Q96PK6,P09661
Q96PK6,P38159
Q96PK6,Q15459
Q96PK6,Q8IYB3
Q96PK6,Q96PU8
Q96PK6,Q9UMS4
Q96PK6,Q9Y2W1
Q96PK6,Q9Y5S9
Q9UKV3,O43143
Q9UKV3,O75934
Q9UKV3,Q15459
Q9UKV3,Q9UQ35
Q9UKV3,Q9Y2W1
Q9Y2W1,P09661
Q9Y2W1,P23246
Q9Y2W1,Q13435
Q9Y2W1,Q15459
Q9Y2W1,Q9NYF8
P22626,P23246
P22626,P55795
P22626,P67809
P22626,P98179
P22626,Q12851
P22626,Q13242
P22626,Q14103
Q6P2E9,Q8IZD4
Q6P2E9,Q96MU7
P10721,P42684
Q9Y4E8,P14555
Q9Y4E8,Q15020
Q68D86,Q96A72
Q8NDT2,O43143
O43143,O43172
O43143,O60306
O43143,P09661
O43143,P38159
O43143,P98175
O43143,Q12874
O43143,Q15459
O43143,Q86XP3
O43143,Q8IYB3
O43143,Q8N5F7
O43143,Q96I25
O43143,Q96T37
O43143,Q9HCS7
O43143,Q9UMS4
O43143,Q9UQ35
Q07955,O95232
Q07955,P08621
Q07955,Q08170
Q07955,Q13627
Q13427,Q8N5F7
Q13427,Q8NAV1
Q13427,Q9H307
P49760,P08621
P49760,Q8IYB3
P49760,Q8N684
P49760,Q8NAV1
P49760,Q96MU7
Q8NAV1,P55081
Q8NAV1,Q08170
Q8NAV1,Q8IWX8
Q96JC9,P61289
Q9NY61,O75177
P05198,P67809
P05198,Q96GM8
P67809,P09661
P67809,P62310
P67809,Q13242
P67809,Q13435
P67809,Q14103
P67809,Q14157
P67809,Q7RTV0
P67809,Q86V81
Q13242,O75319
Q13242,P24534
Q13242,P62995
Q13242,Q12874
Q13242,Q13247
Q13242,Q13435
P30048,Q06830
P30048,Q14103
P54105,P62308
P54105,P62310
P54105,P62318
P54105,Q15084
P54105,Q9Y333
P15531,O14965
P15531,Q16576
Q9Y383,P62318
Q9Y383,Q13247
Q9Y383,Q8N5F7
Q9Y383,Q9Y5S9
Q9Y383,Q9Y6Y0
O00757,O14965
O14965,Q14103
O14965,Q8N4C6
Q86U06,Q8IWX8
Q86U06,Q96PU8
P38159,P62995
P38159,P98179
P38159,Q13435
P38159,Q14011
P38159,Q14103
P38159,Q15459
P38159,Q96A72
P38159,Q9UQ35
P38159,Q9Y5S9
Q13435,P09661
Q13435,P62310
Q13435,P62318
Q13435,Q15428
Q13435,Q7RTV0
Q13435,Q96GM8
Q13435,Q96N46
Q13435,Q9HCS7
Q13435,Q9Y333
Q13435,Q9Y5S9
Q86WT6,Q12874
Q8N684,Q14157
Q8WWY3,O43172
Q8WWY3,O43447
Q8WWY3,P09661
Q8WWY3,P55795
Q8WWY3,Q12874
Q8WWY3,Q15428
Q8WWY3,Q15459
Q8WWY3,Q7RTV0
Q8WWY3,Q8WYA6
Q8WWY3,Q9BUQ8
Q8WWY3,Q9HCS7
Q96A72,Q9Y5S9
Q9NYF8,Q9H307
P62318,P62308
P62318,P62310
P62318,Q12874
P62318,Q9NQ29
P62318,Q9Y333
P08621,Q8IWX8
Q12874,O43172
Q12874,O43660
Q12874,P09661
Q12874,Q15428
Q12874,Q15459
Q12874,Q7L014
Q12874,Q9BUQ8
Q12874,Q9HCS7
Q12874,Q9ULR0
Q12874,Q9UMS4
Q9BQA1,O43670
Q9BQA1,O60306
Q9BQA1,P62310
Q9BQA1,Q15459
Q9BQA1,Q96GM8
Q9BQA1,Q96PU8
Q9BQA1,Q9NQ92
Q9NQ29,Q06830
Q9NQ29,Q8IWX8
Q9NQ29,Q8WYA6
O15042,P55081
O15042,P98175
O15042,Q15459
O15042,Q86XP3
O15042,Q8IWX8
O15042,Q8WYA6
O15042,Q96I25
P68363,P68371
Q8NC51,P23246
Q14103,O60506
Q14103,P23246
Q14103,P31942
Q14103,Q00839
Q14103,Q09666
P09661,O43172
P09661,O43660
P09661,P23246
P09661,Q15428
P09661,Q15459
P09661,Q7RTV0
P09661,Q9HCS7
P09661,Q9ULR0
P09661,Q9UMS4
P09661,Q9UQ35
P09661,Q9Y333
P23246,Q08170
P23246,Q15459
P23246,Q7RTV0
Q86XP3,Q15459
Q86XP3,Q9UMS4
Q96GM8,Q13247
Q96GM8,Q9H307
Q96GM8,Q9Y5S9
Q01082,O60239
Q01082,Q9C0C2
Q01082,Q9Y5S9
P62308,P62310
Q01130,P62995
Q01130,Q08170
Q01130,Q96MU7
Q01130,Q9BY77
Q01130,Q9UK58
Q01130,Q9Y3Y2
Q08170,P62995
Q08170,Q13247
Q08170,Q13627
Q08170,Q8IYB3
Q08170,Q9H307
Q08170,Q9UQ35
O75688,Q14004
Q16576,Q86YP4
O75934,O43660
O75934,Q8WYA6
O75934,Q9BUQ8
O75934,Q9UMS4
P55795,P98175
P55795,Q14011
P55795,Q32P51
P55795,Q96PU8
Q09666,P24534
P68371,P40939
Q15020,O43172
Q15020,Q9UHY1
P98175,Q13247
P98175,Q15459
P98175,Q8IX12
P98175,Q9UMS4
Q15459,O43172
Q15459,O43660
Q15459,P61011
Q15459,Q15428
Q15459,Q7L014
Q15459,Q9HCS7
Q15459,Q9ULR0
Q15459,Q9UMS4
Q15459,Q9UQ35
Q8IWX8,P31942
Q8IWX8,Q8IX12
Q8IWX8,Q8WUA2
Q8IWX8,Q96N46
O15047,Q8TF01
Q8TF01,Q9H307
Q9BWU0,P17028
O43172,O43447
O43172,O43660
O43172,Q15428
O43172,Q9BUQ8
O43172,Q9NYV4
O43172,Q9UMS4
P62310,Q9Y333
P62310,Q9Y5S9
Q9Y333,Q6UX04
Q9Y333,Q96IZ7
Q9Y333,Q9Y5S9
Q14011,Q14444
Q9NYV4,O95104
Q9NYV4,Q14004
Q9NYV4,Q9H8X2
P48729,P10071
Q9HCS7,O43660
Q9HCS7,O60306
Q9HCS7,Q9BUQ8
Q9HCS7,Q9BZJ0
Q9HCS7,Q9ULR0
Q9HCS7,Q9UMS4
O15234,Q9Y5S9
Q9Y5S9,Q9UQ35
Q04726,Q86V81
P06576,P61289
Q9H307,Q13523
Q9H307,Q8IYB3
Q9H307,Q9UQ35
Q8IX12,Q9C0C2
O60306,Q15428
O60306,Q9BZJ0
O60306,Q9ULR0
O60306,Q9UMS4
Q8IYB3,Q13247
Q8IYB3,Q9UQ35
Q8N5F7,Q96N46
Q8N5F7,Q9UJV9
Q9UMS4,O43660
Q9UMS4,Q15428
Q9UMS4,Q9ULR0
Q9UQ35,Q86V81
Q9UQ35,Q96N46
Q6UX04,Q96KG9
O43660,Q15428
O43660,Q9ULR0
Q15428,Q7L014
Q15428,Q9ULR0
Q9BUQ8,Q7RTV0
Q96PU8,P57052
Q9BZJ0,Q96DI7
Q9BZJ0,Q9ULR0
Q8WU90,Q8NI27
Q14004,Q96FZ7
Q14004,Q9NZZ3
Q96MU7,P62995
Q9P2N5,O75152
O43670,Q6PJT7
Q8WXI9,Q86YP4
P61289,P11021
P61289,Q96CJ1
O95881,Q9Y490
Q9ULX6,P42166
Q13627,Q96S94
O60506,Q00839
O60506,Q9Y6Y0
Q00839,P31942
Q9Y6Y0,P62995
P11532,Q15124
P13647,P15924
P13647,P35908
P16284,P15924
P62995,Q13247
P84090,Q9BY77
P84090,Q9Y3Y2
Q69YN4,Q75N03
Q14444,Q13283
Q9P0U4,Q9UPS6
Q8N3C0,Q8N9N2
Q8TEQ6,Q7L014
